36235;Abertamy
67904;Adamov 1
67908;Adamov 3
51722;Albrechtice nad Orlicí
39816;Albrechtice nad Vltavou
73543;Albrechtice u Českého Těšína
46843;Albrechtice v Jizerských horách
74255;Albrechtičky
79332;Andělská Hora
69633;Archlebov
40714;Arnoltice u Děčína
35201;Aš 1
35202;Aš 2
68703;Babice u Uherského Hradiště
34531;Babylon
29401;Bakov nad Jizerou
68754;Bánov u Uherského Brodu
74254;Bartošovice na Moravě
51763;Bartošovice v Orlických horách
73901;Baška
58851;Batelov
54237;Batňovice
38773;Bavorov
36464;Bečov nad Teplou
43526;Bečov u Mostu
28143;Bečváry
79821;Bedihošť
46812;Bedřichov u Jablonce nad Nisou
67139;Běhařovice
41186;Bechlín
39165;Bechyně
34526;Bělá nad Radbuzou
56905;Bělá nad Svitavou
29421;Bělá pod Bezdězem
79085;Bělá pod Pradědem
38743;Bělčice
78315;Bělkovice-Lašťany
75364;Bělotín
29471;Benátky nad Jizerou 1
29472;Benátky nad Jizerou 2
51237;Benecko
38282;Benešov nad Černou
40722;Benešov nad Ploučnicí
67953;Benešov u Boskovic
25601;Benešov u Prahy
51206;Benešov u Semil
67506;Benetice
74241;Bernartice nad Odrou
25769;Bernartice u Dolních Kralovic
79057;Bernartice u Javorníka
39843;Bernartice u Milevska
54204;Bernartice u Trutnova
26601;Beroun 1
26604;Beroun 4
28908;Běrunice
38281;Besednice
53845;Běstvina
34001;Běšiny
54964;Bezděkov nad Metují
34041;Bezděkov u Klatov
34953;Bezdružice
29429;Bezno
33041;Bezvěrov
78326;Bílá Lhota
54472;Bílá Třemešná
79069;Bílá Voda u Javorníka
28572;Bílé Podolí
54452;Bílé Poličany
41801;Bílina 1
41803;Bílina 3
41804;Bílina 4
74301;Bílovec 1
74292;Bílovec 5
66401;Bílovice nad Svitavou
68712;Bílovice u Uherského Hradiště
46332;Bílý Kostel nad Nisou
46363;Bílý Potok pod Smrkem
51794;Bílý Újezd u Dobrušky
67558;Biskupice u Hrotovic
56945;Biskupice u Jevíčka
76341;Biskupice u Luhačovic
67110;Bítov
67801;Blansko 1
67803;Blansko 3
38801;Blatná
69671;Blatnice pod Svatým Antonínkem
33025;Blatnice u Plzně
43984;Blatno u Podbořan
37852;Blažejov
66408;Blažovice
50347;Blešno
34545;Blížejov
47104;Blíževedly
67155;Blížkovice
33601;Blovice
43988;Blšany
66456;Blučina
78961;Bludov
28931;Bobnice
59255;Bobrová
74803;Bobrovníky
50323;Boharyně
68341;Bohdalice
39491;Bohdalín
59213;Bohdalov
28525;Bohdaneč u Zbraslavic
78964;Bohdíkov
73581;Bohumín 1
73582;Bohumín 2
73531;Bohumín 3
73552;Bohumín 4
73551;Bohumín 5
73583;Bohumín 6
78314;Bohuňovice
54906;Bohuslavice nad Metují
74719;Bohuslavice u Hlučína
79856;Bohuslavice u Konice
76351;Bohuslavice u Zlína
79398;Bohušov
41156;Bohušovice nad Ohří
26241;Bohutín
75108;Bochoř
36471;Bochov
53826;Bojanov
68771;Bojkovice
74723;Bolatice
43121;Boleboř
51731;Bolehošť
69112;Boleradice
38229;Boletice u Českého Krumlova
34802;Bor u Tachova
74295;Bordovice
37367;Borek
69175;Borkovany
39191;Borkovice
51724;Borohrádek
26215;Borotice
67937;Borotín u Boskovic
39135;Borotín u Tábora
38492;Borová Lada
56982;Borová u Poličky
37312;Borovany
54477;Borovnice u Staré Paky
68763;Boršice u Blatnice
68709;Boršice u Buchlovic
37382;Boršov nad Vltavou
59461;Bory
69108;Bořetice u Hustopečí
68001;Boskovice
68355;Bošovice
78325;Bouzov
51213;Bozkov
54974;Božanov
39461;Božejov
39132;Božejovice
36262;Boží Dar
67164;Božice
36226;Božičany
43522;Braňany
43547;Brandov
25001;Brandýs nad Labem-Stará Boleslav 1
25002;Brandýs nad Labem-Stará Boleslav 2
56112;Brandýs nad Orlicí
27341;Brandýsek
67177;Branišovice
68332;Brankovice
75645;Branky na Moravě
78825;Branná
79393;Brantice
27363;Bratronice
46821;Bratříkov
74281;Bravantice
38206;Brloh
56904;Brněnec
78975;Brníčko u Zábřeha
47129;Brniště
65502;Brno 02
60100;Brno 1
61000;Brno 10
61100;Brno 11
61200;Brno 12
61300;Brno 13
61400;Brno 14
61500;Brno 15
61600;Brno 16
61700;Brno 17
61800;Brno 18
61900;Brno 19  *)
60200;Brno 2
62000;Brno 20
60020;Brno 200
62100;Brno 21
62200;Brno 22
62300;Brno 23
62400;Brno 24
62500;Brno 25
62700;Brno 27
62800;Brno 28
62900;Brno 29
60300;Brno 3
63000;Brno 30
63400;Brno 34
63500;Brno 35
63600;Brno 36
63700;Brno 37
63800;Brno 38
63900;Brno 39
60400;Brno 4
64100;Brno 41
64200;Brno 42
64300;Brno 43
64400;Brno 44
64500;Brno 45
64700;Brno 47
60500;Brno 5
60600;Brno 6
60700;Brno 7
60900;Brno 9
29473;Brodce nad Jizerou
79846;Brodek u Konice
79807;Brodek u Prostějova
75103;Brodek u Přerova
55001;Broumov 1
55003;Broumov 3
54984;Broumov 5
26742;Broumy
41181;Brozany nad Ohří
58832;Brtnice
40760;Brtníky
76331;Brumov-Bylnice 1
76334;Brumov-Bylnice 3
69111;Brumovice na Moravě
74771;Brumovice u Opavy
79201;Bruntál 1
79203;Bruntál 3
73944;Brušperk
33824;Břasy 1
33825;Břasy 3
69001;Břeclav 1
69002;Břeclav 2
69003;Břeclav 3
69141;Břeclav 4
69006;Břeclav 6
76823;Břest
69181;Březí u Mikulova
56923;Březina u Moravské Třebové
56995;Březiny u Poličky
26272;Březnice
39171;Březnice u Bechyně
67574;Březník
43145;Březno u Chomutova
29406;Březno u Mladé Boleslavě
68713;Březolupy
56902;Březová nad Svitavou
36215;Březová u Karlových Var
35761;Březová u Sokolova
68767;Březová u Uherského Brodu
74744;Březová u Vítkova
29424;Březovice u Mladé Boleslavě
76345;Březůvky
67165;Břežany u Znojma
79351;Břidličná
35722;Bublava
68501;Bučovice
37892;Budeč
56965;Budislav u Litomyšle
37891;Budíškovice
74787;Budišov nad Budišovkou
67503;Budišov u Třebíče
67542;Budkov
41118;Budyně nad Ohří
68708;Buchlovice
69631;Bukovany u Hodonína
35755;Bukovany u Sokolova
73985;Bukovec
69189;Bulhary
46374;Bulovka
27343;Buštěhrad
53801;Bylany
37334;Byňov
51781;Bystré u Dobrušky
56992;Bystré u Poličky
78341;Bystročice
41761;Bystřany
56154;Bystřec
73995;Bystřice nad Olší
59301;Bystřice nad Pernštejnem
76861;Bystřice pod Hostýnem 1
76841;Bystřice pod Hostýnem 7
68755;Bystřice pod Lopeníkem
25751;Bystřice u Benešova
75624;Bystřička
27732;Byšice
53322;Býšť
69681;Bzenec
26743;Bzová u Hořovic
34951;Cebiv
38752;Cehnice
50777;Cerekvice nad Bystřicí
56953;Cerekvice nad Loučnou
28102;Cerhenice
26761;Cerhovice
67938;Cetkovice
39411;Cetoraz
28533;Církvice u Kutné Hory
35756;Citice
43902;Cítoliby
67101;Citonice
27704;Cítov
56132;Cotkytle
47154;Cvikov
29443;Čachovice u Mladé Boleslavě
34002;Čachrov
28601;Čáslav
67524;Čáslavice
51750;Častolovice
39463;Častrov
66423;Čebín
25765;Čechtice
67507;Čechtín
79858;Čechy pod Kosířem
69614;Čejč
69615;Čejkovice
73912;Čeladná
25088;Čelákovice
79816;Čelechovice na Hané
26224;Čenkov
53332;Čepí
38756;Čepřovice
25722;Čerčany
51725;Čermná nad Orlicí
54377;Čermná u Vrchlabí
67921;Černá Hora
38223;Černá v Pošumaví
79054;Černá Voda
36223;Černava
43901;Černčice
51704;Černíkovice
50343;Černilov
25228;Černošice
34958;Černošín
75368;Černotín
67975;Černovice u Boskovic
39494;Černovice u Tábora
50304;Černožice nad Labem
27323;Černuc
54344;Černý Důl
39446;Červená Řečice
56161;Červená Voda 1
56162;Červená Voda 3
28542;Červené Janovice
28121;Červené Pečky
54941;Červený Kostelec
25788;Červený Újezd u Votic
58261;Česká Bělá
54921;Česká Čermná
40721;Česká Kamenice
34532;Česká Kubice
47001;Česká Lípa 1
47002;Česká Lípa 2
47003;Česká Lípa 3
47005;Česká Lípa 5
47006;Česká Lípa 6
54956;Česká Metuje
56185;Česká Rybná u Žamberka
55203;Česká Skalice
56001;Česká Třebová 1
56002;Česká Třebová 2
56003;Česká Třebová 3
79081;Česká Ves
37001;České Budějovice 1
37010;České Budějovice 10
37011;České Budějovice 11
37012;České Budějovice 12
37013;České Budějovice 13
37002;České Budějovice 2
37018;České Budějovice 20
37003;České Budějovice 3
37004;České Budějovice 4
37005;České Budějovice 5
37006;České Budějovice 6
37007;České Budějovice 7
37008;České Budějovice 8
37009;České Budějovice 9
56552;České Heřmanice
56114;České Libchavy
51771;České Meziříčí
37810;České Velenice
28201;Český Brod
46343;Český Dub
38101;Český Krumlov 1
38102;Český Krumlov 2
38103;Český Krumlov 3
38104;Český Krumlov 4
37883;Český Rudolec
25727;Český Šternberk
73701;Český Těšín 1
73703;Český Těšín 3
73562;Český Těšín 6
73707;Český Těšín 7
38719;Čestice
25247;Čestlice
28510;Čestín
38771;Číčenice
34033;Číhaň
58287;Číhošť
67578;Čikov
39804;Čimelice
37832;Číměř
25204;Čisovice
51235;Čistá u Horek
56956;Čistá u Litomyšle
29423;Čistá u Mladé Boleslavě
27034;Čistá u Rakovníka
33564;Čížkov u Blovic
41112;Čížkovice
39831;Čížová
38481;Čkyně
37861;Člunek
38001;Dačice
59241;Dalečín
67554;Dalešice
36263;Dalovice
69635;Dambořice
56123;Damníkov
74717;Darkovice
74802;Darkovičky
53303;Dašice v Čechách
25206;Davle
66475;Deblín
40501;Děčín 1
40502;Děčín 2
40503;Děčín 3
40505;Děčín 5
40704;Děčín 6
40711;Děčín 9
74794;Děhylov
46861;Desná v Jizerských horách
34023;Dešenice
37873;Dešná u Dačic
67533;Dešov
37825;Deštná u Jindřichova Hradce
51791;Deštné v Orlických horách
50724;Dětenice
73571;Dětmarovice
79303;Dětřichov nad Bystřicí
46371;Dětřichov u Frýdlantu
39127;Dírná
69171;Diváky
37348;Dívčice
25726;Divišov
34042;Dlažov
58834;Dlouhá Brtnice
29405;Dlouhá Lhota u Mladé Boleslavě
78386;Dlouhá Loučka
56117;Dlouhá Třebová
34191;Dlouhá Ves u Sušice
78976;Dlouhomilov
46341;Dlouhý Most
33443;Dnešice
40703;Dobkovice u Děčína
73951;Dobrá
37316;Dobrá Voda u Českých Budějovic
50773;Dobrá Voda u Hořic
47121;Dobranov
73952;Dobratice
51793;Dobré
40741;Dobrná
79825;Dobromilice
58812;Dobronín
29441;Dobrovice
51801;Dobruška
33441;Dobřany
25170;Dobřejovice
50325;Dobřenice
33005;Dobříč
25229;Dobřichovice
26301;Dobříš
33844;Dobřív
67182;Dobšice
50313;Dohalice
41182;Doksany
47201;Doksy
27364;Doksy u Kladna
55201;Dolany u Jaroměře
34016;Dolany u Klatov
78316;Dolany u Olomouce
75655;Dolní Bečva
33152;Dolní Bělá
74722;Dolní Benešov
27701;Dolní Beřkovice
69617;Dolní Bojanovice
29404;Dolní Bousov
54362;Dolní Branná
25241;Dolní Břežany
37365;Dolní Bukovsko
58845;Dolní Cerekev
29430;Dolní Cetno
56153;Dolní Čermná
56102;Dolní Dobrouč
73938;Dolní Domaslavice
67141;Dolní Dubňany
69185;Dolní Dunajovice
38272;Dolní Dvořiště
54342;Dolní Dvůr
26262;Dolní Hbity
54374;Dolní Kalná
66464;Dolní Kounice
25768;Dolní Kralovice
58271;Dolní Krupá u Havlíčkova Brodu
74766;Dolní Lhota
76323;Dolní Lhota u Luhačovic
73982;Dolní Lomná
59455;Dolní Loučky
33444;Dolní Lukavice
73553;Dolní Lutyně
58233;Dolní Město
68762;Dolní Němčí
54375;Dolní Olešnice
40755;Dolní Podluží
40782;Dolní Poustevna
50316;Dolní Přím
54911;Dolní Radechová
53371;Dolní Roveň
59251;Dolní Rožínka
35604;Dolní Rychnov
53375;Dolní Ředice
29478;Dolní Slivno
78820;Dolní Studénky
38201;Dolní Třebonín
75123;Dolní Újezd u Lipníka nad Bečvou
56961;Dolní Újezd u Litomyšle
69129;Dolní Věstonice
40301;Dolní Zálezly
35493;Dolní Žandov
74756;Dolní Životice
78356;Doloplazy
67543;Domamil
69683;Domanín
25761;Domašín
78306;Domašov nad Bystřicí
66483;Domašov u Brna
75115;Domaželice u Přerova
34401;Domažlice 1
34402;Domažlice 2
34403;Domažlice 3
29448;Domousnice
43968;Domoušice
73533;Doubrava
67911;Doubravice nad Svitavou
54451;Doubravice u Dvora Králové nad Labem
38735;Doubravice u Strakonic
59261;Doubravník
51742;Doudleby nad Orlicí
33543;Dožice
78343;Drahanovice
79861;Drahany
26285;Drahenice
66424;Drásov
34520;Draženov
39131;Dražice
35472;Drmoul
69183;Drnholec
68304;Drnovice
67976;Drnovice u Lysic
43144;Droužkovice
33007;Druztová
27362;Družec
68322;Drysice
46824;Držkov
75114;Dřevohostice
27714;Dřísy
53305;Dříteč
37351;Dříteň
78375;Dub nad Moravou
38425;Dub u Prachatic
47141;Dubá
54455;Dubenec u Dvora Králové nad Labem
41701;Dubí u Teplic 1
41702;Dubí u Teplic 2
41703;Dubí u Teplic 3
78972;Dubicko
26251;Dublovice
69603;Dubňany
37384;Dubné
47126;Dubnice pod Ralskem
41901;Duchcov
67556;Dukovany
67550;Dukovany-elektrárna
58805;Dušejov
79368;Dvorce u Bruntálu
37808;Dvory nad Lužnicí
54401;Dvůr Králové nad Labem 1
54404;Dvůr Králové nad Labem 4
67126;Dyjákovice
28901;Dymokury
37364;Dynín
33002;Dýšina
75614;Francova Lhota
40723;Františkov nad Ploučnicí
35101;Františkovy Lázně
74401;Frenštát pod Radhoštěm
73945;Fryčovice
73801;Frýdek-Místek 1
73908;Frýdek-Místek 10
73802;Frýdek-Místek 12
73803;Frýdek-Místek 13
73804;Frýdek-Místek 14
73930;Frýdek-Místek 4
73942;Frýdek-Místek 8
73911;Frýdlant nad Ostravicí
46401;Frýdlant v Čechách
46832;Frýdštejn
38279;Frymburk
59204;Fryšava pod Žákovou horou
76316;Fryšták
74245;Fulnek 1
74246;Fulnek 3
58282;Golčův Jeníkov
67156;Grešlové Mýto
78373;Grygov
46373;Habartice u Frýdlantu
35709;Habartov
68302;Habrovany-Olšany
58281;Habry
41722;Háj u Duchcova
74792;Háj ve Slezsku
51205;Háje nad Jizerou
54466;Hajnice
75603;Halenkov
76363;Halenkovice
34816;Halže
47128;Hamr u České Lípy
78833;Hanušovice
51246;Harrachov v Krkonoších
34181;Hartmanice
67576;Hartvíkovice
74716;Hať u Hlučína
73601;Havířov 1
73605;Havířov 11
73606;Havířov 12
73607;Havířov 13
73602;Havířov 2
73608;Havířov 21
73603;Havířov 3
73564;Havířov 4
73609;Havířov 7
58223;Havlíčkova Borová
58001;Havlíčkův Brod 1
58002;Havlíčkův Brod 2
58003;Havlíčkův Brod 3
54238;Havlovice nad Úpou
43501;Havraň
35132;Hazlov
46362;Hejnice
59201;Herálec pod Žákovou horou
58255;Herálec u Havlíčkova Brodu
55212;Heřmanice nad Labem
74238;Heřmanice u Oder
25789;Heřmaničky
59458;Heřmanov u Velké Bíteše
33024;Heřmanova Huť
79374;Heřmanovice
53803;Heřmanův Městec
67169;Hevlín
74247;Hladké Životice
39173;Hlavatce
53315;Hlavečník
74752;Hlavnice
53901;Hlinsko v Čechách 1
53962;Hlinsko v Čechách 3
28532;Hlízov
69143;Hlohovec u Břeclavě
33827;Hlohovice
74765;Hlubočec
78361;Hlubočky 1
78365;Hlubočky 3
37341;Hluboká nad Vltavou
67152;Hluboké Mašůvky
26222;Hluboš
74801;Hlučín
68725;Hluk
50356;Hlušice
56101;Hnátnice
58294;Hněvkovice u Ledče nad Sázavou
74735;Hněvošice
78347;Hněvotín
78311;Hnojice
73953;Hnojník
27321;Hobšovice
46342;Hodkovice nad Mohelkou
67125;Hodonice
69501;Hodonín 1
69503;Hodonín 3
69504;Hodonín 4
69505;Hodonín 5
67504;Hodov
74271;Hodslavice
34006;Hojsova Stráž
79371;Holčovice
76901;Holešov
53971;Holetín
53401;Holice v Čechách
33801;Holoubkov
50751;Holovousy v Podkrkonoší
68351;Holubice
34562;Holýšov
43546;Hora Svaté Kateřiny
43182;Hora Svatého Šebestiána
34101;Horažďovice
78335;Horka nad Moravou
51234;Horka u Staré Paky
54952;Horní Adršpach
75657;Horní Bečva
79312;Horní Benešov
41185;Horní Beřkovice
36237;Horní Blatná
73937;Horní Bludovice
53953;Horní Bradlo
51236;Horní Branná
54474;Horní Brusnice
33012;Horní Bříza
39403;Horní Cerekev
56156;Horní Čermná
58852;Horní Dubenky
67134;Horní Dunajovice
38293;Horní Dvořiště
56133;Horní Heřmanice v Čechách
53374;Horní Jelení
43543;Horní Jiřetín
28146;Horní Kruty
47111;Horní Libchava u České Lípy
75612;Horní Lideč
78305;Horní Loděnice
54226;Horní Maršov
79344;Horní Město
75117;Horní Moštěnice
68764;Horní Němčí
37831;Horní Pěna
38226;Horní Planá
27703;Horní Počaply
40757;Horní Podluží
47106;Horní Police
54946;Horní Radechová
37843;Horní Radouň
35731;Horní Slavkov
37335;Horní Stropnice
58264;Horní Studenec
73535;Horní Suchá
79847;Horní Štěpánov
38491;Horní Vltavice
25262;Horoměřice
33455;Horšice
34601;Horšovský Týn
28573;Horušice
34184;Hory Matky Boží
39421;Hořepník
27004;Hořesedly
38222;Hořice na Šumavě
50801;Hořice v Podkrkonoší
55205;Hořičky
50306;Hořiněves
26801;Hořovice
27003;Hořovičky
27322;Hospozín
67171;Hostěradice
67154;Hostim
54371;Hostinné
25301;Hostivice
41752;Hostomice nad Bílinou
26724;Hostomice pod Brdy
34525;Hostouň u Horšovského Týna
27353;Hostouň u Prahy
28562;Hostovlice u Čáslavě
75622;Hošťálková u Vsetína
79381;Hošťálkovy u Krnova
68326;Hoštice-Heroltice
41172;Hoštka u Roudnice nad Labem
75601;Hovězí
69612;Hovorany
67168;Hrabětice
78804;Hrabišín
74763;Hrabyně 1
74767;Hrabyně 3
68733;Hradčovice
50001;Hradec Králové 1
50011;Hradec Králové 11
50012;Hradec Králové 12
50311;Hradec Králové 15
50301;Hradec Králové 16
50002;Hradec Králové 2
50332;Hradec Králové 22
50003;Hradec Králové 3
50004;Hradec Králové 4
50005;Hradec Králové 5
50006;Hradec Králové 6
50341;Hradec Králové 7
50008;Hradec Králové 8
50009;Hradec Králové 9
74741;Hradec nad Moravicí
56901;Hradec nad Svitavou
33211;Hradec u Stoda
46334;Hrádek nad Nisou
73997;Hrádek nad Olší
33842;Hrádek u Rokycan
34141;Hrádek u Sušice
67127;Hrádek u Znojma
34172;Hradešice
25209;Hradišťko pod Medníkem
75301;Hranice 1
75361;Hranice 4
35124;Hranice u Aše
39854;Hrazánky
73999;Hrčava
37361;Hrdějovice
39859;Hrejkovice
41704;Hrob
41183;Hrobce
41757;Hrobčice
53862;Hrochův Týnec
33004;Hromnice
54931;Hronov 1
54934;Hronov 4
67555;Hrotovice
36233;Hroznětín
69663;Hroznová Lhota
69673;Hrubá Vrbka
69156;Hrušky
56555;Hrušová u Vysokého Mýta
67167;Hrušovany nad Jevišovkou
66462;Hrušovany u Brna
43143;Hrušovany u Chomutova
27345;Hřebeč
27008;Hředle
40717;Hřensko
54456;Hřibojedy
26214;Hřiměždice
43904;Hříškov
43965;Hřivice
26703;Hudlice
73946;Hukvaldy
76824;Hulín
39601;Humpolec
46834;Huntířov nad Jizerou
38421;Husinec
75602;Huslenky
75366;Hustopeče nad Bečvou
69301;Hustopeče u Brna
46826;Huť
75662;Hutisko-Solanec
79357;Huzová
33153;Hvozd u Plas
79855;Hvozd u Prostějova
25205;Hvozdnice
26244;Hvožďany
26706;Hýskov
40317;Chabařovice
34152;Chanovice
78374;Charváty
43157;Chbany
41173;Chcebuz
35001;Cheb 1
35002;Cheb 2
35003;Cheb 3
35004;Cheb 4
35005;Cheb 5
33806;Cheznovice
74732;Chlebičov
51745;Chleny
35754;Chlum Svaté Maří
37804;Chlum u Třeboně
43903;Chlumčany u Loun
33442;Chlumčany u Přeštic
50351;Chlumec nad Cidlinou
40339;Chlumec u Ústí nad Labem
27743;Chlumín
56501;Choceň 1
56502;Choceň 2
25724;Chocerady
41171;Chodouny
35735;Chodov u Karlových Var 1
35736;Chodov u Karlových Var 2
34813;Chodová Planá
34811;Chodský Újezd
78322;Cholina
53361;Choltice
50753;Chomutice u Hořic v Podkrkonoší
43001;Chomutov 1
43002;Chomutov 2
43003;Chomutov 3
43004;Chomutov 4
43005;Chomutov 5
56942;Chornice
27737;Chorušice
75642;Choryně
58301;Chotěboř
73561;Chotěbuz
33214;Chotěšov
29428;Chotětov
54376;Chotěvice
33017;Chotíkov
39137;Chotoviny
28576;Chotusice
37362;Chotýčany u Českých Budějovic
46333;Chotyně
25728;Chotýšany
39118;Choustník
54442;Choustníkovo Hradiště
43922;Chožov
53851;Chrast u Chrudimě
33003;Chrást u Plzně
46331;Chrastava
37304;Chrášťany u Týna nad Vltavou
26283;Chraštice
38404;Chroboly
76811;Chropyně
53863;Chroustovice
53701;Chrudim 1
53703;Chrudim 3
53705;Chrudim 5
39817;Chřešťovice
40744;Chřibská
33143;Chříč
34014;Chudenice
78321;Chudobín
74724;Chuchelná
76872;Chvalčov
54211;Chvaleč
33205;Chválenice
53312;Chvaletice
39493;Chválkov u Kamenice nad Lipou
55204;Chvalkovice v Čechách
67123;Chvalovice
38208;Chvalšiny
26707;Chyňava
39155;Chýnov
36453;Chyše
39853;Chyšky
66491;Ivančice
68323;Ivanovice na Hané
29445;Jabkenice
51243;Jablonec nad Jizerou
46601;Jablonec nad Nisou 1
46602;Jablonec nad Nisou 2
46604;Jablonec nad Nisou 4
46605;Jablonec nad Nisou 5
46606;Jablonec nad Nisou 6
46804;Jablonec nad Nisou 7
46801;Jablonec nad Nisou 8
25746;Jablonná nad Vltavou
56164;Jablonné nad Orlicí
47125;Jablonné v Podještědí
75623;Jablůnka nad Bečvou
73991;Jablunkov
36251;Jáchymov
74753;Jakartovice
74236;Jakubčovice nad Odrou
68705;Jalubí
56165;Jamné nad Orlicí
58827;Jamné u Jihlavy
59232;Jámy
25703;Jankov
46811;Janov nad Nisou
79384;Janov u Krnova
56955;Janov u Litomyšle
34021;Janovice nad Úhlavou
73902;Janovice u Frýdku-Místku
79342;Janovice u Rýmařova
54225;Janské Lázně
76801;Jarohněvice
55101;Jaroměř 1
55102;Jaroměř 3
55104;Jaroměř 4
67551;Jaroměřice nad Rokytnou
56944;Jaroměřice u Jevíčka
67128;Jaroslavice
37841;Jarošov nad Nežárkou
56966;Jarošov u Litomyšle
55222;Jasenná
76313;Jasenná u Vizovic
34003;Javorná na Šumavě
51711;Javornice
79070;Javorník u Jeseníku
78992;Jedlí
56991;Jedlová u Poličky
67906;Jedovnice
67531;Jemnice
25261;Jeneč
50345;Jeníkovice
36211;Jenišov
53864;Jenišovice u Chrudimě
46833;Jenišovice u Jablonce nad Nisou
25073;Jenštejn
58825;Jersín
50776;Jeřice
58274;Jeřišno
79853;Jesenec
25242;Jesenice u Prahy
27033;Jesenice u Rakovníka
26294;Jesenice u Sedlčan
79001;Jeseník 1
79003;Jeseník 3
74233;Jeseník nad Odrou
51212;Jesenný
47161;Jestřebí
39848;Jetětice
40716;Jetřichovice u Děčína
28166;Jevany
56943;Jevíčko
67153;Jevišovice
75135;Jezernice
47108;Jezvé
69648;Ježov
50601;Jičín 1
50605;Jičín 5
50731;Jičíněves
58601;Jihlava 1
58602;Jihlava 2
58603;Jihlava 3
58604;Jihlava 4
58605;Jihlava 5
58606;Jihlava 6
51401;Jilemnice
40701;Jílové u Děčína
25401;Jílové u Prahy
51772;Jílovice u Dobrušky
37332;Jílovice u Trhových Svin
25202;Jíloviště
59242;Jimramov
66472;Jinačovice
26223;Jince
79383;Jindřichov u Krnova
78823;Jindřichov u Šumperka
46366;Jindřichovice pod Smrkem
35705;Jindřichovice v Krušných horách
37701;Jindřichův Hradec 1
37702;Jindřichův Hradec 2
37704;Jindřichův Hradec 4
37705;Jindřichův Hradec 5
25225;Jinočany
43111;Jirkov 1
43112;Jirkov 2
43113;Jirkov 3
25090;Jirny
40756;Jiřetín pod Jedlovou
67178;Jiřice u Miroslavi
40753;Jiříkov
39133;Jistebnice
74282;Jistebník
29414;Jivina u Mnichova Hradiště
54213;Jívka
78398;Jívová
46844;Josefův Důl u Jablonce nad Nisou
29307;Josefův Důl u Mladé Boleslavě
28509;Kácov
27304;Kačice
43201;Kadaň 1
43202;Kadaň 2
38733;Kadov u Blatné
38221;Kájov
43132;Kalek
39451;Kaliště
25707;Kamberk
58242;Kámen u Habrů
39413;Kámen u Pacova
25168;Kamenice
39470;Kamenice nad Lipou
58823;Kamenice u Jihlavy
47114;Kamenický Šenov
53941;Kameničky
58292;Kamenná Lhota
27301;Kamenné Žehrovice
25282;Kamenný Přívoz
37381;Kamenný Újezd
26263;Kamýk nad Vltavou
38241;Kaplice 1
38242;Kaplice 2
50366;Káranice
25075;Káraný
37821;Kardašova Řečice
79324;Karlova Studánka
79323;Karlovice
51262;Karlovice u Turnova
36001;Karlovy Vary 1
36010;Karlovy Vary 10
36017;Karlovy Vary 17
36018;Karlovy Vary 18
36002;Karlovy Vary 2
36020;Karlovy Vary 20
36004;Karlovy Vary 4
36005;Karlovy Vary 5
36006;Karlovy Vary 6
36007;Karlovy Vary 7
36009;Karlovy Vary 9
26718;Karlštejn
75605;Karolinka
73301;Karviná 1
73311;Karviná 11
73312;Karviná 12
73503;Karviná 3
73401;Karviná 4
73310;Karviná 41
73506;Karviná 6
73309;Karviná 61
73306;Karviná 8
73573;Karviná 9
33807;Kařez
33544;Kasejovice
76319;Kašava
34192;Kašperské Hory
38711;Katovice
29425;Katusice
33151;Kaznějov
34506;Kdyně
41122;Keblice
39452;Kejžlice
75643;Kelč
79808;Kelčice
39821;Kestřany
66485;Ketkovice
33841;Klabava
79854;Kladky
27201;Kladno 1
27202;Kladno 2
27203;Kladno 3
27204;Kladno 4
27205;Kladno 5
27206;Kladno 6
27309;Kladno 7
27208;Kladno 8
27209;Kladno 9
53314;Kladruby nad Labem
34961;Kladruby u Stříbra
25762;Kladruby u Vlašimi
41116;Klapý
29415;Klášter Hradiště nad Jizerou
43151;Klášterec nad Ohří 1
43152;Klášterec nad Ohří 2
56182;Klášterec nad Orlicí
33901;Klatovy 1
33902;Klatovy 2
33903;Klatovy 3
33904;Klatovy 4
25067;Klecany
34534;Klenčí pod Čerchovem
79823;Klenovice na Hané
37805;Klikov
74283;Klimkovice
74284;Klimkovice-lázně
69172;Klobouky u Brna
27374;Klobuky v Čechách
26235;Klučenice
28545;Kluky u Kutné Hory
39819;Kluky u Písku
27741;Kly
69664;Kněždub
27001;Kněževes u Rakovníka
28902;Kněžice u Městce Králové
67529;Kněžice u Třebíče
29402;Kněžmost
67934;Knínice u Boskovic
39459;Koberovice
74727;Kobeřice
69110;Kobylí na Moravě
54464;Kocbeře
56911;Koclířov u Svitav
53861;Kočí
39409;Kojčice
67523;Kojetice na Moravě
25072;Kojetice u Prahy
75201;Kojetín
75105;Kokory
27723;Kokořín
27329;Koleč
27002;Kolešovice
28001;Kolín 1
28002;Kolín 2
28003;Kolín 3
34142;Kolinec
36214;Kolová
34543;Koloveč
26762;Komárov u Hořovic
37314;Komařice
73954;Komorní Lhotka
28125;Konárovice
50705;Konecchlumí
67502;Koněšín
79852;Konice
34952;Konstantinovy Lázně
50732;Kopidlno
74221;Kopřivnice 1
74223;Kopřivnice 3
26206;Korkyně
56993;Korouhev
76805;Koryčany
68752;Korytná
46849;Kořenov
50365;Kosičky
29306;Kosmonosy
26291;Kosova Hora
79841;Kostelec na Hané
28163;Kostelec nad Černými lesy
27713;Kostelec nad Labem
51741;Kostelec nad Orlicí
39858;Kostelec nad Vltavou
76843;Kostelec u Holešova
58861;Kostelec u Jihlavy
69651;Kostelec u Kyjova
34962;Kostelec u Stříbra
29476;Kostelní Hlavno
69152;Kostice u Břeclavě
28921;Kostomlaty nad Labem
41754;Kostomlaty pod Milešovkou
39422;Košetice
39117;Košice u Soběslavě
28935;Košík
51202;Košťálov
41723;Košťany u Teplic
43921;Koštice nad Ohří
67907;Kotvrdovice
28915;Kounice
51792;Kounov u Dobrušky
27006;Kounov u Rakovníka
28161;Kouřim
34502;Kout na Šumavě
67508;Kouty u Třebíče
39855;Kovářov
43186;Kovářská
73947;Kozlovice
25725;Kozmice u Benešova
74711;Kozmice u Hlučína
33142;Kozojedy u Kralovic
33032;Kozolupy
33144;Kožlany
58293;Kožlí
78378;Kožušany-Tážaly
41187;Krabčice u Roudnice nad Labem
35708;Krajková
28127;Krakovany v Čechách
79812;Kralice na Hané
67572;Kralice nad Oslavou
56169;Králíky
54203;Královec
33141;Kralovice
35741;Královské Poříčí
27801;Kralupy nad Vltavou 1
27803;Kralupy nad Vltavou 3
26701;Králův Dvůr u Berouna
67577;Kramolín-vodní dílo
68307;Krásensko
35801;Kraslice
35122;Krásná
26256;Krásná Hora nad Vltavou
58234;Krásná Hora u Havlíčkova Brodu
40746;Krásná Lípa u Rumburka
35747;Krásno nad Teplou
43972;Krásný Dvůr
58864;Krasonice
79394;Krasov
50324;Kratonohy
47103;Kravaře u České Lípy
74721;Kravaře u Hlučína
67151;Kravsko
25742;Krhanice
73924;Krmelín
79401;Krnov 1
79402;Krnov 2
29431;Krnsko
76701;Kroměříž 1
76702;Kroměříž 2
76703;Kroměříž 3
76704;Kroměříž 4
47157;Krompach v Čechách
29479;Kropáčova Vrutice
53943;Krouna
33039;Krsy
58266;Krucemburk
69173;Krumvíř
27009;Krupá
41742;Krupka 1
41741;Krupka 3
27053;Krušovice
74786;Kružberk
43981;Kryry
39495;Křeč
25748;Křečovice
78336;Křelov-Břuchotín
39445;Křelovice u Pelhřimova
38203;Křemže
56922;Křenov
75141;Křenovice u Kojetína
68352;Křenovice u Slavkova
69165;Křepice u Hustopečí
28547;Křesetice
41148;Křešice
39424;Křešín u Pacova
67962;Křetín
28933;Křinec
27023;Křivoklát
25766;Křivsoudov
59451;Křižanov
68357;Křižanovice u Bučovic
46353;Křižany
59454;Křoví
67905;Křtiny
38403;Ktiš
26741;Kublov
68331;Kučerov
39834;Kučeř
74244;Kujavy
54443;Kuks
54361;Kunčice nad Labem
73913;Kunčice pod Ondřejníkem
56924;Kunčina
74253;Kunín
68604;Kunovice
47155;Kunratice u Cvikova
67972;Kunštát na Moravě
56181;Kunvald v Čechách
37862;Kunžak
66434;Kuřim
28401;Kutná Hora 1
28403;Kutná Hora 3
28404;Kutná Hora 4
28406;Kutná Hora 6
76821;Kvasice
51702;Kvasiny
68766;Květná
38493;Kvilda
69701;Kyjov 1
69655;Kyjov 3
74768;Kyjovice
35751;Kynšperk nad Ohří
36272;Kyselka
33001;Kyšice
40745;Kytlice
69146;Ladná
41725;Lahošť
54341;Lánov
56301;Lanškroun
27061;Lány
53331;Lány na Důlku
69151;Lanžhot
37801;Lásenice
79857;Laškov
50781;Lázně Bělohrad
53341;Lázně Bohdaneč
35491;Lázně Kynžvart
46364;Lázně Libverda
25089;Lázně Toušeň
66476;Lažánky
38432;Lažiště
29447;Ledce u Mladé Boleslavi
33014;Ledce u Plzně
27708;Ledčice
58401;Ledeč nad Sázavou
37311;Ledenice
69144;Lednice na Moravě
41772;Ledvice
67163;Lechovice
66431;Lelekovice
43923;Lenešice
38442;Lenora
39414;Leskovice
67544;Lesonice
34954;Lestkov
79842;Lešany u Prostějova
75641;Lešná
58286;Leština u Světlé nad Sázavou
78971;Leština u Zábřeha
33552;Letiny
56151;Letohrad
68335;Letonice u Vyškova
67961;Letovice
38402;Lhenice
50327;Lhota pod Libčany
51744;Lhoty u Potštejna
35131;Libá
50723;Libáň
35753;Libavské Údolí
50322;Libčany
43926;Libčeves
25266;Libčice nad Vltavou
27721;Liběchov
38772;Libějovice
46001;Liberec 1
46010;Liberec 10
46011;Liberec 11
46012;Liberec 12
46013;Liberec 13
46014;Liberec 14
46015;Liberec 15
46002;Liberec 2
46312;Liberec 25
46003;Liberec 3
46311;Liberec 30
46302;Liberec 33
46004;Liberec 4
46005;Liberec 5
46006;Liberec 6
46007;Liberec 7
46008;Liberec 8
51712;Liberk
41146;Liběšice u Litoměřic
43963;Liběšice u Žatce
25065;Líbeznice
56116;Libchavy
28907;Libice nad Cidlinou
58277;Libice nad Doubravou
78805;Libina
27717;Libiš
39462;Libkova Voda
54236;Libňatov
43975;Libočany
41103;Libochovany
41117;Libochovice
50744;Libošovice
40335;Libouchec
50344;Libřice
51203;Libštát
50715;Libuň
27306;Libušín
53823;Licibořice
51735;Lično
75615;Lidečko
27354;Lidice
56168;Lichkov
79315;Lichnov u Bruntálu
74275;Lichnov u Nového Jičína
47158;Lindava
33021;Líně
58257;Lípa u Havlíčkova Brodu
58232;Lipnice nad Sázavou
75131;Lipník nad Bečvou
67552;Lipník u Hrotovic
38278;Lipno nad Vltavou
53364;Lipoltice
69672;Lipov
40781;Lipová u Šluknova
79061;Lipová-lázně 1
79063;Lipová-lázně 3
67915;Lipovec u Blanska
75631;Liptál
79396;Liptaň
67922;Lipůvka
59245;Lísek u Bystřice nad Pernštejnem
27052;Lišany u Rakovníka
56184;Líšnice
37372;Lišov u Českých Budějovic
33035;Líšťany
26727;Liteň
76813;Litenčice
67166;Litobratřice
67546;Litohoř
41201;Litoměřice 1
41203;Litoměřice 3
57001;Litomyšl
78401;Litovel
74755;Litultovice
43601;Litvínov 1
43603;Litvínov 3
43604;Litvínov 4
43606;Litvínov 6
43514;Litvínov 7
43542;Litvínov 8
38742;Lnáře
27736;Lobeč
40784;Lobendava
37322;Ločenice
26712;Loděnice u Berouna
67175;Loděnice u Moravského Krumlova
37826;Lodhéřov
26723;Lochovice
35733;Loket
43511;Lom u Mostu 1
43512;Lom u Mostu 2
37816;Lomnice nad Lužnicí
51251;Lomnice nad Popelkou
79302;Lomnice u Rýmařova
35704;Lomnice u Sokolova
67923;Lomnice u Tišnova
78983;Loštice
28937;Loučeň
34510;Loučim
75644;Loučka u Valašského Meziříčí
78811;Loučná nad Desnou
38276;Loučovice
69676;Louka nad Veličkou
43533;Louka u Litvínova
76875;Loukov u Kroměříže
29411;Loukov u Mnichova Hradiště
25706;Louňovice pod Blaníkem
44001;Louny 1
44003;Louny 3
44004;Louny 4
46823;Loužnice
69639;Lovčice u Kyjova
50361;Lovčice u Nového Bydžova
41001;Lovosice 1
41002;Lovosice 2
43983;Lubenec
56963;Lubná u Poličky
27036;Lubná u Rakovníka
35137;Luby u Chebu
46871;Lučany nad Nisou
58235;Lučice
73939;Lučina
74714;Ludgeřovice
40713;Ludvíkovice
76326;Luhačovice
58822;Luka nad Jihlavou
39426;Lukavec u Pacova
51603;Lukavice
76317;Lukov u Zlína
68303;Luleč
29442;Luštěnice
78349;Lutín
50305;Lužany nad Trotinou
50706;Lužany u Jičína
33454;Lužany u Přeštic
53854;Luže
50362;Lužec nad Cidlinou
27706;Lužec nad Vltavou
69618;Lužice u Hodonína
43524;Lužice u Mostu
27051;Lužná v Čechách
28922;Lysá nad Labem
67971;Lysice
54963;Machov
37803;Majdalena
75106;Majetín
79336;Malá Morávka
46831;Malá Skála
54227;Malá Úpa
79849;Malé Hradisko
54234;Malé Svatoňovice
58276;Maleč
40327;Malečov u Ústí nad Labem
38706;Malenice nad Volyňkou
28541;Malešov
66465;Malešovice
27377;Malíkovice
38291;Malonty
39175;Malšice
34171;Malý Bor
33162;Manětín
35301;Mariánské Lázně 1
35302;Mariánské Lázně 2
35304;Mariánské Lázně 4
43532;Mariánské Radčice
40742;Markvartice u Děčína
50742;Markvartice u Sobotky
25755;Maršovice
51232;Martinice v Krkonoších
54973;Martínkovice
47156;Mařenice
43156;Mašťov
28936;Mcely
34521;Meclov
29477;Mečeříž
38736;Mečichov
34037;Měčín
43184;Měděnec
53831;Medlešice
78382;Medlov u Uničova
68741;Medlovice
33551;Měcholupy u Blovic
43931;Měcholupy u Žatce
74784;Melč
27738;Mělnické Vtelno
27601;Mělník 1
27603;Mělník 3
27604;Mělník 4
50364;Měník
66457;Měnín
36234;Merklín u Karlových Var
33452;Merklín u Přeštic
75142;Měrovice nad Hanou
59442;Měřín
28903;Městec Králové
56941;Městečko Trnávka
79395;Město Albrechtice
78307;Město Libavá
33033;Město Touškov
25064;Měšice u Prahy
73949;Metylovice
43513;Meziboří u Litvínova
54923;Mezilesí
54981;Meziměstí u Broumova 1
54983;Meziměstí u Broumova 3
54982;Meziměstí u Broumova 4
40779;Mikulášovice
69619;Mikulčice
69201;Mikulov na Moravě
79084;Mikulovice u Jeseníku 1
79083;Mikulovice u Jeseníku 3
67133;Mikulovice u Znojma
34546;Milavče
26234;Milešov nad Vltavou
41132;Milešov u Lovosic
50771;Miletín
39901;Milevsko 1
39903;Milevsko 3
25786;Miličín
73981;Milíkov u Jablunkova
26231;Milín
68336;Milonice u Vyškova
27005;Milostín
75367;Milotice nad Bečvou
69605;Milotice u Kyjova
28923;Milovice nad Labem 1
28924;Milovice nad Labem 3
50774;Milovice u Hořic
69188;Milovice u Mikulova
47124;Mimoň
67172;Miroslav
33843;Mirošov 1
33847;Mirošov 2
39801;Mirotice
78953;Mírov
51254;Mírová pod Kozákovem
39806;Mirovice
53955;Miřetice u Hlinska
34553;Mířkov
28501;Miskovice u Kutné Hory
43158;Místo
76852;Míškovice u Holešova
29301;Mladá Boleslav 1
29302;Mladá Boleslav 2
29303;Mladá Boleslav 3
29305;Mladá Boleslav 5
39143;Mladá Vožice
39443;Mladé Bříště
54223;Mladé Buky
74754;Mladecko
56935;Mladějov na Moravě
50745;Mladějov v Čechách
78395;Mladějovice u Šternberka
56167;Mladkov
33161;Mladotice
50758;Mlázovice
33811;Mlečice
39492;Mnich
35483;Mnichov u Mariánských Lázní
25164;Mnichovice
29501;Mnichovo Hradiště
25210;Mníšek pod Brdy
46322;Mníšek u Liberce
41713;Modlany
40702;Modrá u Děčína
66442;Modřice
78985;Mohelnice
29413;Mohelnice nad Jizerou
67575;Mohelno
25087;Mochov
34032;Mochtín
66404;Mokrá
66409;Mokrá-cementárna
74762;Mokré Lazce
35121;Mokřiny
41781;Moldava v Krušných horách
53802;Morašice u Chrudimě
56951;Morašice u Litomyšle
66448;Moravany u Brna
53372;Moravany u Holic
69650;Moravany u Kyjova
59254;Moravec
78982;Moravičany
73905;Morávka
69155;Moravská Nová Ves
57101;Moravská Třebová 1
56921;Moravská Třebová 3
67601;Moravské Budějovice 1
67602;Moravské Budějovice 2
68327;Moravské Prusy
79305;Moravský Beroun
67201;Moravský Krumlov
69685;Moravský Písek
69101;Moravský Žižkov
76833;Morkovice-Slížany
79828;Mořice
26717;Mořina
74272;Mořkov
43401;Most 1
43410;Most 10
43411;Most 11
43403;Most 3
43404;Most 4
43405;Most 5
43406;Most 6
43502;Most 9
54475;Mostek
79802;Mostkovice
73998;Mosty u Jablunkova
74251;Mošnov
66455;Moutnice
58854;Mrákotín
34501;Mrákov
25063;Mratín
51204;Mříčná
27064;Mšec
41119;Mšené-lázně
27735;Mšeno u Mělníka
25162;Mukařov
27007;Mutějovice
69611;Mutěnice
37349;Mydlovary
79805;Myslejovice
67560;Myslibořice
34154;Myslív
39116;Myslkovice
76301;Mysločovice
33805;Mýto v Čechách
25708;Načeradec
39852;Nadějkov
25747;Nahoruby
54907;Nahořany nad Metují
54701;Náchod 1
54703;Náchod 3
54702;Náchod 4
78332;Náklo
26293;Nalžovice
34173;Nalžovské Hory
78344;Náměšť na Hané
67571;Náměšť nad Oslavou
76361;Napajedla
53825;Nasavrky
69636;Násedlovice
73992;Návsí
38401;Nebahovy
35112;Nebanice
27734;Nebužely
26213;Nečín
33163;Nečtiny
68715;Nedachlebice
68738;Nedakonice
76332;Nedašov
59262;Nedvědice
25081;Nehvizdy
50315;Nechanice
26254;Nechvalice
36221;Nejdek 1
36222;Nejdek 2
56163;Nekoř
33547;Nekvasovy
27751;Nelahozeves
34536;Nemanice
79827;Němčice nad Hanou
67951;Němčice u Boskovic
56118;Němčice u České Třebové
69107;Němčičky u Břeclavi
66466;Němčičky u Židlochovic
54461;Nemojov u Dvora Králové nad Labem
68334;Nemotice
74774;Neplachovice
50363;Nepolisy
28511;Nepoměřice
33501;Nepomuk 1
33503;Nepomuk 3
43971;Nepomyšl
27711;Neratovice
66416;Neslovice
68333;Nesovice
59443;Netín
38411;Netolice
25744;Netvořice
33555;Neurazy
25785;Neustupov
25756;Neveklov
34167;Nezamyslice u Horažďovic
79826;Nezamyslice u Prostějova
68732;Nezdenice
34164;Nezdice na Šumavě
37302;Neznašov
33204;Nezvěstice
68751;Nivnice
26705;Nižbor
59212;Nížkov
68356;Nížkovice
69164;Nosislav
73909;Nošovice
37833;Nová Bystřice
39415;Nová Cerekev
78384;Nová Hradečná
69675;Nová Lhota u Veselí nad Moravou
50901;Nová Paka
38462;Nová Pec
36225;Nová Role
58865;Nová Říše
37842;Nová Včelnice
37809;Nová Ves nad Lužnicí
46827;Nová Ves nad Nisou
51271;Nová Ves nad Popelkou
26204;Nová Ves pod Pleší
37315;Nová Ves u Českých Budějovic
58273;Nová Ves u Chotěboře
27752;Nová Ves u Mělníka
66413;Nová Ves u Oslavan
43545;Nová Ves v Horách
28531;Nové Dvory u Kutné Hory
36224;Nové Hamry
53945;Nové Hrady u Skutče
37333;Nové Hrady v jižních Čechách
68342;Nové Hvězdlice
59231;Nové Město na Moravě
54901;Nové Město nad Metují 1
54902;Nové Město nad Metují 3
46365;Nové Město pod Smrkem
33563;Nové Mitrovice
35734;Nové Sedlo u Lokte
27101;Nové Strašecí
67541;Nové Syrovice
59214;Nové Veselí
41731;Novosedlice
69182;Novosedly na Moravě
37817;Novosedly nad Nežárkou
47301;Nový Bor
50401;Nový Bydžov
54922;Nový Hrádek
75604;Nový Hrozenkov
74101;Nový Jičín 1
74103;Nový Jičín 3
74257;Nový Jičín 6
26203;Nový Knín
35136;Nový Kostel
78803;Nový Malín
47113;Nový Oldřichov
39404;Nový Rychnov
25216;Nučice
73996;Nýdek
28801;Nymburk 1
28802;Nymburk 2
28803;Nymburk 3
34022;Nýrsko
33023;Nýřany
26221;Obecnice
26212;Obořiště
39412;Obrataň
43521;Obrnice
29403;Obruby
27742;Obříství
43987;Očihov
25704;Odlochovice
25070;Odolena Voda
74235;Odry
28130;Ohaře
41765;Ohníč
51784;Ohnišov
50354;Ohnišťany
66402;Ochoz u Brna
47162;Okna
58231;Okrouhlice
67521;Okříšky
67176;Olbramovice u Moravského Krumlova
25752;Olbramovice u Votic
41724;Oldřichov u Duchcova
46323;Oldřichov v Hájích
74733;Oldřišov
67162;Oleksovice
28162;Oleška u Českého Brodu
26764;Olešná u Hořovic
67974;Olešnice na Moravě
37331;Olešnice u Českých Budějovic
51736;Olešnice u Rychnova nad Kněžnou
51783;Olešnice v Orlických horách
37350;Olešník
77100;Olomouc 1
77010;Olomouc 10
77012;Olomouc 12
78351;Olomouc 15
78371;Olomouc 17
78301;Olomouc 18
78302;Olomouc 19
77200;Olomouc 2
77300;Olomouc 3
77400;Olomouc 4
77500;Olomouc 5
77008;Olomouc 8
77900;Olomouc 9
67903;Olomučany
35707;Oloví
27326;Olovnice
79814;Olšany u Prostějova
78962;Olšany u Šumperka
25165;Ondřejov
39161;Opařany
67528;Opatov na Moravě
56912;Opatov v Čechách
53345;Opatovice nad Labem
75356;Opatovice u Hranic
74601;Opava 1
74610;Opava 10
74603;Opava 11
74702;Opava 2
74604;Opava 4
74705;Opava 5
74706;Opava 6
74707;Opava 7
74608;Opava 8
74770;Opava 9
28904;Opočnice
51773;Opočno
27032;Oráčov
56111;Orlické Podhůří
51764;Orlické Záhoří
56155;Orličky
39807;Orlík nad Vltavou
73511;Orlová 1
73513;Orlová 3
73514;Orlová 4
73516;Orlová 6
68325;Orlovice
66444;Ořechov u Brna
59452;Ořechov u Velkého Meziříčí
46352;Osečná
75122;Osek nad Bečvou
41705;Osek u Duchcova
33821;Osek u Rokycan
33546;Oselce
50326;Osice
56967;Osík u Litomyšle
78801;Oskava
28932;Oskořínek
66412;Oslavany
39835;Oslov
79399;Osoblaha
26725;Osov
59453;Osová Bítýška
66449;Ostopovice
70100;Ostrava 1
71000;Ostrava 10
71100;Ostrava 11
71200;Ostrava 12
71300;Ostrava 13
71500;Ostrava 15
71600;Ostrava 16
71700;Ostrava 17
71800;Ostrava 18
71900;Ostrava 19
70200;Ostrava 2
72000;Ostrava 20
72100;Ostrava 21
72200;Ostrava 22
72300;Ostrava 23
72400;Ostrava 24
72525;Ostrava 25
72526;Ostrava 26
72527;Ostrava 27
72528;Ostrava 28
72529;Ostrava 29
70300;Ostrava 3
70030;Ostrava 30
70032;Ostrava 32
70033;Ostrava 33
70034;Ostrava 34
70035;Ostrava 35
70036;Ostrava 36
70037;Ostrava 37
70039;Ostrava 39
70400;Ostrava 4
70040;Ostrava 40
70041;Ostrava 41
70042;Ostrava 42
70043;Ostrava 43
70044;Ostrava 44
70045;Ostrava 45
70046;Ostrava 46
70047;Ostrava 47
70500;Ostrava 5
70700;Ostrava 7
70800;Ostrava 8
70900;Ostrava 9
73914;Ostravice
50752;Ostroměř
36301;Ostrov nad Ohří
59445;Ostrov nad Oslavou
56122;Ostrov u Lanškrouna
67914;Ostrov u Macochy
66481;Ostrovačice
39833;Ostrovec
68723;Ostrožská Lhota
68722;Ostrožská Nová Ves
68742;Osvětimany
34544;Osvračín
34957;Ošelín
79806;Otaslavice
74781;Otice
68354;Otnice
54972;Otovice u Broumova
36232;Otovice u Karlových Var
36463;Otročín
76501;Otrokovice 1
76502;Otrokovice 2
27327;Otvovice
58224;Oudoleň
28543;Paběnice
39501;Pacov
34153;Pačejov
76834;Pačlavice
73941;Palkovice
43905;Panenský Týnec
53001;Pardubice 1
53012;Pardubice 12
53351;Pardubice 17
53353;Pardubice 19
53002;Pardubice 2
53354;Pardubice 20
53301;Pardubice 21
53333;Pardubice 23
53003;Pardubice 3
53004;Pardubice 4
53005;Pardubice 5
53006;Pardubice 6
53007;Pardubice 7
53009;Pardubice 9
75355;Paršovice
78397;Paseka u Šternberka
51247;Paseky nad Jizerou
73921;Paskov
69122;Pasohlávky
43908;Pátek u Loun
27021;Pavlíkov
79830;Pavlovice u Kojetína
75112;Pavlovice u Přerova
54221;Pec pod Sněžkou 1
54222;Pec pod Sněžkou 3
50782;Pecka
26232;Pečice
51757;Pěčín u Rychnova nad Kněžnou
28911;Pečky
39301;Pelhřimov
75127;Penčice
46345;Pěnčín u Liberce
69186;Perná
33036;Pernarec
36236;Pernink
43163;Perštejn
43907;Peruc
43153;Pětipsy
43985;Petrohrad
69665;Petrov u Hodonína
25281;Petrov u Prahy
73572;Petrovice u Karviné
50355;Petrovice u Nového Bydžova
27035;Petrovice u Rakovníka
26255;Petrovice u Sedlčan
34182;Petrovice u Sušice
40337;Petrovice u Ústí nad Labem
73541;Petřvald u Karviné
74260;Petřvald u Nového Jičína
27308;Pchery
26225;Pičín
47118;Pihel
54242;Pilníkov
78965;Písařov
79082;Písečná u Jeseníku
56170;Písečná u Žamberka
37872;Písečné nad Dyjí
39701;Písek 1
39704;Písek 4
39705;Písek 5
73984;Písek u Jablunkova
74718;Píšť
37346;Pištín
68772;Pitín
79824;Pivín
39111;Planá nad Lužnicí
34815;Planá u Mariánských Lázní
28104;Plaňany
34034;Plánice
33101;Plasy
67132;Plaveč u Znojma
46846;Plavy
35135;Plesná u Chebu
41142;Ploskovice
37824;Pluhův Žďár
79803;Plumlov
30100;Plzeň 1
31000;Plzeň 10
31100;Plzeň 11
31200;Plzeň 12
31300;Plzeň 13
31400;Plzeň 14
31500;Plzeň 15
31600;Plzeň 16
31700;Plzeň 17
31800;Plzeň 18
31900;Plzeň 19
32000;Plzeň 20
32100;Plzeň 21
32200;Plzeň 22
32300;Plzeň 23
32400;Plzeň 24
32500;Plzeň 25
32600;Plzeň 26
32700;Plzeň 27
32800;Plzeň 28
30400;Plzeň 4
30040;Plzeň 40
30500;Plzeň 5
30600;Plzeň 6
30700;Plzeň 7
30800;Plzeň 8
30900;Plzeň 9
28941;Pňov
78312;Pňovice
34522;Poběžovice
34509;Pocinovice
39464;Počátky
26253;Počepice
43944;Počerady-elektrárna
44101;Podbořany
51803;Podbřezí
29001;Poděbrady
50754;Podhorní Újezd
53841;Podhořany u Ronova nad Doubravou
35123;Podhradí
69145;Podivín
66403;Podolí u Brna
58221;Pohled
38283;Pohorská Ves
69123;Pohořelice
27055;Pochvalov
34015;Poleň
41147;Polepy
68737;Polešovice
47116;Polevsko
54954;Police nad Metují
67534;Police u Jemnice
57201;Polička
75144;Polkovice
58813;Polná
75365;Polom
46850;Polubný
56971;Pomezí
51242;Poniklá
37855;Popelín
69127;Popice
25702;Popovice
28914;Poříčany
25721;Poříčí nad Sázavou
56964;Poříčí u Litomyšle
43942;Postoloprty
34535;Postřekov
78969;Postřelmov
25701;Postupice
75362;Potštát
51743;Potštejn
36238;Potůčky
69126;Pouzdřany
40332;Povrly
27376;Pozdeň
66407;Pozořice
66458;Prace
41133;Prackovice nad Labem
11001;Praha 01
11800;Praha 011
11900;Praha 012
11015;Praha 015
11016;Praha 016
11002;Praha 02
22310;Praha 023
22500;Praha 025
11004;Praha 04
11005;Praha 05
11006;Praha 06
11000;Praha 1
10000;Praha 10
10100;Praha 101
10200;Praha 102
10004;Praha 104
10005;Praha 105
10600;Praha 106
10007;Praha 107
10800;Praha 108
10010;Praha 110
10900;Praha 111
10700;Praha 112
10300;Praha 113
10400;Praha 114
22000;Praha 120
12000;Praha 2
12001;Praha 21
12003;Praha 23
12004;Praha 24
12006;Praha 26
12800;Praha 28
13000;Praha 3
13001;Praha 31
13002;Praha 32
13003;Praha 33
13004;Praha 34
13005;Praha 35
14000;Praha 4
14100;Praha 41
14200;Praha 411
14300;Praha 412
14400;Praha 413
14800;Praha 414
14900;Praha 415
14016;Praha 416
14018;Praha 418
14019;Praha 419
14002;Praha 42
14003;Praha 43
14004;Praha 44
14500;Praha 45
14006;Praha 46
14700;Praha 47
14009;Praha 49
15000;Praha 5
15001;Praha 51
15531;Praha 511
15300;Praha 512
15511;Praha 513
15400;Praha 514
15500;Praha 515
15600;Praha 516
15521;Praha 517
15200;Praha 52
15003;Praha 53
15004;Praha 54
15005;Praha 55
15006;Praha 56
15007;Praha 57
15800;Praha 58
15900;Praha 59
16000;Praha 6
16012;Praha 612
16100;Praha 614
16200;Praha 616
16017;Praha 617
16300;Praha 618
16400;Praha 619
16500;Praha 620
16005;Praha 65
16008;Praha 68
16900;Praha 69
17000;Praha 7
17100;Praha 71
17004;Praha 74
18000;Praha 8
18100;Praha 81
18200;Praha 82
18400;Praha 84
18005;Praha 85
18600;Praha 86
18700;Praha 87
18008;Praha 88
18009;Praha 89
19000;Praha 9
19001;Praha 91
19011;Praha 911
19012;Praha 912
19300;Praha 913
19014;Praha 914
19015;Praha 915
19016;Praha 916
19017;Praha 917
19002;Praha 92
19003;Praha 93
19400;Praha 94
19005;Praha 95
19600;Praha 96
19700;Praha 97
19800;Praha 98
19900;Praha 99
38301;Prachatice
53804;Prachovice
68756;Prakšice
50333;Praskačka
26754;Praskolesy
34195;Prášily
25709;Pravonín
73904;Pražmo
75613;Prlov
41712;Proboštov u Teplic
53944;Proseč u Skutče
54373;Prosečné
75121;Prosenice
59264;Prosetín u Bystřice nad Pernštejnem
53976;Prosetín u Hlinska
67161;Prosiměřice
79601;Prostějov 1
79602;Prostějov 2
79603;Prostějov 3
79604;Prostějov 4
79811;Prostějov 6
79607;Prostějov 7
79608;Prostějov 8
79801;Prostějov 9
75656;Prostřední Bečva
79848;Protivanov
39811;Protivín
47167;Provodín
54908;Provodov-Šonov
66446;Prštice u Brna
25243;Průhonice
76842;Prusinovice
69621;Prušánky
47115;Prysk
73903;Pržno
78354;Přáslavice
53974;Předhradí
67527;Předín
66602;Předklášteří
29474;Předměřice nad Jizerou
50302;Předměřice nad Labem
34038;Předslav
53501;Přelouč
79851;Přemyslovice
51261;Přepeře
51732;Přepychy
75151;Přerov 1
75002;Přerov 2
75124;Přerov 4
75005;Přerov 5
28916;Přerov nad Labem
25723;Přestavlky u Čerčan
33401;Přeštice
69124;Přibice
74258;Příbor
26101;Příbram 1
26102;Příbram 2
26103;Příbram 3
26104;Příbram 4
26105;Příbram 5
58222;Přibyslav
46848;Příchovice
78333;Příkazy
34806;Přimda
46346;Příšovice
69104;Přítluky
25244;Psáry
79843;Ptení
58831;Puklice
37343;Purkarec
56983;Pustá Kamenice
74769;Pustá Polom
74243;Pustějov
68321;Pustiměř
25167;Pyšely
34161;Rabí
68305;Račice-Pístovice
69667;Radějov u Hodonína
39120;Radenín
59233;Radešínská Svratka
50712;Radim u Jičína
28103;Radim u Kolína
56907;Radiměř
74783;Radkov
67559;Radkovice u Hrotovic
46803;Rádlo
33828;Radnice u Rokycan
38731;Radomyšl
43155;Radonice u Kadaně
59444;Radostín nad Oslavou
28128;Radovesnice
75111;Radslavice
74761;Raduň
54212;Radvanice v Čechách
67902;Rájec-Jestřebí
66461;Rajhrad
76871;Rajnochovice
26901;Rakovník 1
26902;Rakovník 2
69103;Rakvice
53972;Raná u Hlinska
43924;Raná u Loun
67573;Rapotice
78814;Rapotín
37807;Rapšach
55221;Rasošky
46361;Raspenava
73907;Raškovice
28507;Rataje nad Sázavou
76812;Rataje u Kroměříže
28141;Ratboř
75621;Ratiboř u Vsetína
39142;Ratibořské Hory
69602;Ratíškovice
79364;Razová
39822;Ražice
34193;Rejštejn
43967;Ročov
69601;Rohatec
78974;Rohle
74726;Rohov
53343;Rohovládova Bělá
58844;Rohozná u Jihlavy
56972;Rohozná u Poličky
33701;Rokycany 1
33703;Rokycany 3
51244;Rokytnice nad Jizerou 1
51245;Rokytnice nad Jizerou 3
67525;Rokytnice nad Rokytnou
75104;Rokytnice u Přerova
51761;Rokytnice v Orlických horách
53842;Ronov nad Doubravou
73956;Ropice
37846;Roseč
66501;Rosice u Brna
53834;Rosice u Chrasti
26211;Rosovice
28171;Rostoklaty
76803;Roštín
35701;Rotava 1
35702;Rotava 2
41301;Roudnice nad Labem
67557;Rouchovany
33453;Roupov
68301;Rousínov u Vyškova
59265;Rovečné
51263;Rovensko pod Troskami
35765;Rovná u Sokolova
56903;Rozhraní
67973;Rozseč nad Kunštátem
58866;Rozseč
58272;Rozsochatec
59257;Rozsochy
79862;Rozstání
51231;Roztoky u Jilemnice
25263;Roztoky u Prahy
34807;Rozvadov
28934;Rožďalovice
38218;Rožmberk nad Vltavou
38292;Rožmitál na Šumavě
26242;Rožmitál pod Třemšínem
59252;Rožná
75661;Rožnov pod Radhoštěm 1
75664;Rožnov pod Radhoštěm 3
41762;Rtyně nad Bílinou
54233;Rtyně v Podkrkonoší
78963;Ruda nad Moravou
67505;Rudíkov
79335;Rudná pod Pradědem
25219;Rudná u Prahy
54372;Rudník u Vrchlabí
37371;Rudolfov
56125;Rudoltice
40801;Rumburk
68306;Ruprechtov
76845;Rusava
75625;Růžďka
74265;Rybí
51755;Rybná nad Zdobnicí
40751;Rybniště
56934;Rychnov na Moravě
51601;Rychnov nad Kněžnou
46802;Rychnov u Jablonce nad Nisou
37336;Rychnov u Nových Hradů
55225;Rychnovek
68309;Rychtářov
73532;Rychvald
79501;Rýmařov
39401;Rynárec
27062;Rynholec
46355;Rynoltice
79356;Ryžoviště
46367;Řasnice
53313;Řečany nad Labem
41120;Ředhošť
40313;Řehlovice
58824;Řehořov
33445;Řenče
27733;Řepín
73931;Řepiště
53865;Řepníky
56141;Řetová
25230;Řevnice
27054;Řevničov
25068;Řež u Prahy
66482;Říčany u Brna
25101;Říčany u Prahy
75118;Říkovice
37324;Římov
27378;Řisuty
25203;Řitka
36261;Sadov
28912;Sadská
50741;Samšina
28906;Sány
28506;Sázava
58244;Sázavka
67931;Sebranice u Boskovic
56962;Sebranice u Litomyšle
53807;Seč 1
53805;Seč 3
26401;Sedlčany
37347;Sedlec u Českých Budějovic
69121;Sedlec u Mikulova
33823;Sedlecko u Rokycan
25791;Sedlec-Prčice 1
25792;Sedlec-Prčice 2
38732;Sedlice u Blatné
73936;Sedliště
74256;Sedlnice
51782;Sedloňov
29446;Semčice
28917;Semice
51301;Semily
34552;Semněvice
78345;Senice na Hané
25166;Senohraby
27031;Senomaty
39456;Senožaty
39851;Sepekov
53304;Sezemice
39101;Sezimovo Ústí 1
39102;Sezimovo Ústí 2
25084;Sibřina
67901;Skalice nad Svitavou
47117;Skalice u České Lípy
67136;Skalice u Znojma
75352;Skalička u Hranic
35134;Skalná
29426;Skalsko
38775;Skočice
79066;Skorošice
74259;Skotnice
78334;Skrbeň
27042;Skryje u Rakovníka
74745;Skřipov u Opavy
50352;Skřivany u Nového Bydžova
51703;Skuhrov nad Bělou
58241;Skuhrov u Havlíčkova Brodu
53973;Skuteč
27041;Slabce
39847;Slabčice
51201;Slaná u Semil
27401;Slaný 1
27403;Slaný 3
25208;Slapy nad Vltavou
39176;Slapy u Tábora
54947;Slatina nad Úpou
51756;Slatina nad Zdobnicí
74293;Slatina u Bílovce
53821;Slatiňany
78342;Slatinice
50701;Slatiny u Jičína
37321;Slavče
43909;Slavětín nad Ohří
78324;Slavětín u Litovle
76321;Slavičín
58265;Slavíkov
68401;Slavkov u Brna
74757;Slavkov u Opavy
37881;Slavonice
79397;Slezské Rudoltice
47152;Sloup v Čechách
67913;Sloup v Moravském Krasu
56553;Sloupnice
76315;Slušovice
27305;Smečno
50353;Smidary
25790;Smilkov
73955;Smilovice u Třince
39152;Smilovy Hory
50303;Smiřice
43914;Smolnice
26236;Smolotely
58801;Smrčná
79817;Smržice
46851;Smržovka
41174;Snědovice
59203;Sněžné
75354;Soběchleby
39201;Soběslav
34166;Soběšice u Sušice
73922;Soběšovice
58262;Sobíňov
78816;Sobotín
50743;Sobotka
29475;Sojovice
66452;Sokolnice
35601;Sokolov 1
35603;Sokolov 3
35605;Sokolov 5
26233;Solenice
51701;Solnice
56115;Sopotnice
79314;Sosnová
25771;Soutice
33561;Spálené Poříčí
74237;Spálov
27705;Spomyšl
43101;Spořice
76364;Spytihněv
27065;Srbeč
40715;Srbská Kamenice
34194;Srní
56544;Sruby
39162;Stádlec
38473;Stachy
34561;Staňkov
43949;Staňkovice u Žatce
36213;Stanovice
79053;Stará Červená Voda
26202;Stará Huť u Dobříše
28926;Stará Lysá
50791;Stará Paka
58867;Stará Říše
73923;Stará Ves nad Ondřejnicí
75107;Stará Ves u Přerova
79343;Stará Ves u Rýmařova
54243;Staré Buky
73915;Staré Hamry
37871;Staré Hobzí
53352;Staré Hradiště u Pardubic
40761;Staré Křečany
37882;Staré Město pod Landštejnem
78832;Staré Město pod Sněžníkem
79333;Staré Město u Bruntálu
56932;Staré Město u Moravské Třebové
68602;Staré Město u Uherského Hradiště 1
68603;Staré Město u Uherského Hradiště 3
34801;Staré Sedliště
35746;Staré Sedlo u Sokolova
34804;Staré Sedlo u Tachova
47163;Staré Splavy
53344;Staré Ždánice
54936;Stárkov
26282;Starosedlský Hrádek
50357;Starý Bydžov
68774;Starý Hrozenkov
74231;Starý Jičín
28123;Starý Kolín
33202;Starý Plzenec
69616;Starý Poddvorov
67522;Stařeč
73943;Staříč
74751;Stěbořice
27342;Stehelčeves
50321;Stěžery
33301;Stod
27303;Stochov
58833;Stonařov
73534;Stonava
38444;Stožec
50314;Stračov
74730;Strahovice
67129;Strachotice
38601;Strakonice 1
38602;Strakonice 2
38603;Strakonice 3
38604;Strakonice 4
28925;Straky
25163;Strančice
68765;Strání
33845;Strašice
34165;Strašín u Sušice
41184;Straškov-Vodochody
37802;Stráž nad Nežárkou
46303;Stráž nad Nisou
36274;Stráž nad Ohří
47127;Stráž pod Ralskem
34805;Stráž u Tachova
59253;Strážek
79844;Stražisko
54352;Strážné
69662;Strážnice
38443;Strážný
34024;Strážov na Šumavě
69638;Strážovice
37853;Strmilov
43986;Strojetice
38426;Strunkovice nad Blanicí
43114;Strupčice
36472;Stružná
25268;Středokluky
66447;Střelice u Brna
38715;Střelské Hoštice
50722;Střevač
25787;Střezimíř
35721;Stříbrná
28167;Stříbrná Skalice
34901;Stříbro
37818;Stříbřec
76804;Střílky
75652;Střítež nad Bečvou
75363;Střítež nad Ludinou
73959;Střítež u Českého Těšína
58811;Střítež u Jihlavy
33207;Střížovice u Plzně
37856;Studená
51233;Studenec u Horek
74211;Studénka 1
74213;Studénka 3
54948;Studnice u Náchoda
68308;Studnice u Vyškova
47102;Stvolínky
74725;Sudice
78821;Sudkov
69666;Sudoměřice nad Moravou
39172;Sudoměřice u Bechyně
39136;Sudoměřice u Tábora
56113;Sudslava
68753;Suchá Loz
37806;Suchdol nad Lužnicí
74201;Suchdol nad Odrou
28502;Suchdol u Kutné Hory
79845;Suchdol u Prostějova
74795;Suché Lazce
26722;Suchomasty
54962;Suchý Důl
41162;Sukorady
41111;Sulejovice
79051;Supíkovice
34201;Sušice 1
34202;Sušice 2
34203;Sušice 3
35703;Svatava
69604;Svatobořice
37323;Svatý Jan nad Malší
26264;Svatý Jan u Sedlčan
41753;Světec
79331;Světlá Hora
58291;Světlá nad Sázavou
46351;Světlá pod Ještědem
38216;Světlík
73925;Sviadnov
53824;Svídnice u Chrudimě
26728;Svinaře
67932;Svitávka
56801;Svitavy 1
56802;Svitavy 2
56804;Svitavy 4
54224;Svoboda nad Úpou
79313;Svobodné Heřmanice
56973;Svojanov
47153;Svojkov
28107;Svojšice u Kolína
53362;Svojšice u Přelouče
34956;Svojšín
47151;Svor
59202;Svratka
53942;Svratouch
46344;Sychrov
66467;Syrovice
67106;Šafov
69167;Šakvice
68353;Šaratice
69613;Šardice
50759;Šárovcova Lhota
67122;Šatov
67935;Šebetov
67545;Šebkovice
74242;Šenov u Nového Jičína
73934;Šenov u Ostravy
25092;Šestajovice
37363;Ševětín
74715;Šilheřovice
35706;Šindelová
79322;Široká Niva
69176;Šitbořice
59221;Škrdlovice
25083;Škvorec
66451;Šlapanice u Brna
27372;Šlapanice v Čechách
58251;Šlapanov
40777;Šluknov
54971;Šonov u Broumova
54351;Špindlerův Mlýn
74782;Štáblovice
33203;Šťáhlavy
36451;Štědrá
25207;Štěchovice
38751;Štěkeň
33209;Štěnovice
74728;Štěpánkovice
59263;Štěpánov nad Svratkou
78313;Štěpánov u Olomouce
37373;Štěpánovice u Českých Budějovic
78501;Šternberk 1
78503;Šternberk 3
41108;Štětí
26292;Štětkovice
74791;Štítina
76333;Štítná nad Vláří
78991;Štíty
58253;Štoky
74266;Štramberk
38471;Šumavské Hoštice
68731;Šumice
67102;Šumná
78701;Šumperk 1
78702;Šumperk 2
78703;Šumperk 3
78704;Šumperk 4
78385;Šumvald u Uničova
68324;Švábenice
34012;Švihov
39001;Tábor 1
39002;Tábor 2
39003;Tábor 3
39156;Tábor 4
39005;Tábor 5
25217;Tachlovice
34701;Tachov 1
34703;Tachov 3
34704;Tachov 4
39815;Tálín
46841;Tanvald
67579;Tasov
56131;Tatenice
51253;Tatobity
67140;Tavíkovice
56166;Těchonín
58856;Telč
56994;Telecí
66459;Telnice u Brna
40338;Telnice u Ústí nad Labem
37301;Temelín
37305;Temelín-elektrárna
69684;Těmice u Hodonína
39496;Těmice u Kamenice nad Lipou
36461;Teplá u Toužimě
41501;Teplice 1
41510;Teplice 10
41502;Teplice 2
41503;Teplice 3
41504;Teplice 4
41508;Teplice 8
75351;Teplice nad Bečvou
54957;Teplice nad Metují
33810;Terešov
41155;Terezín
73542;Těrlicko
66454;Těšany
78346;Těšetice
66417;Tetčice
74274;Tichá
58243;Tis u Chotěboře
40336;Tisá
74294;Tísek
27715;Tišice
66601;Tišnov 1
66603;Tišnov 3
79829;Tištín
33026;Tlučná
76362;Tlumačov
26721;Tmaň
26281;Tochovice
68711;Topolná
36401;Toužim
75101;Tovačov
68704;Traplice
34533;Trhanov
53952;Trhová Kamenice
37401;Trhové Sviny
25763;Trhový Štěpánov
40004;Trmice
76318;Trnava u Zlína
74261;Trnávka u Nového Jičína
51733;Trnov u Dobrušky
33013;Trnová u Plzně
53833;Trojovice
78383;Troubelice
75102;Troubky nad Bečvou
66441;Troubsko
56974;Trpín
34972;Trpísty
56957;Trstěnice u Litomyšle
67137;Trstěnice u Moravského Krumlova
78357;Tršice
54101;Trutnov 1
54103;Trutnov 3
54102;Trutnov 4
54106;Trutnov 6
73993;Třanovice
56933;Třebařov
50346;Třebechovice pod Orebem
67532;Třebelovice
35111;Třebeň
41113;Třebenice
67401;Třebíč 1
67402;Třebíč 2
67403;Třebíč 3
67404;Třebíč 4
67405;Třebíč 5
41115;Třebívlice
27375;Třebíz
38737;Třebohostice
37901;Třeboň
28544;Třebonín
25226;Třebotov
56124;Třebovice u Lanškrouna
26271;Třebsko
79382;Třemešná u Krnova
34808;Třemešné pod Přimdou
33011;Třemošná u Plzně
53843;Třemošnice
58901;Třešť
35473;Tři Sekery
73961;Třinec 1
73965;Třinec 11
73963;Třinec 3
73957;Třinec 4
73958;Třinec 5
73964;Třinec 8
73966;Třinec 9
50704;Třtěnice
39126;Tučapy u Soběslavě
27302;Tuchlovice
25267;Tuchoměřice
43969;Tuchořice
67173;Tulešice
28563;Tupadly
68707;Tupesy
53363;Turkovice u Přelouče
51101;Turnov 1
51102;Turnov 2
39121;Turovec
25265;Tursko
27379;Tuřany u Slaného
66405;Tvarožná
69153;Tvrdonice
33201;Tymákov
75132;Týn nad Bečvou
37501;Týn nad Vltavou 1
37503;Týn nad Vltavou 3
28126;Týnec nad Labem
25741;Týnec nad Sázavou
69154;Týnec u Břeclavě
51721;Týniště nad Orlicí
50792;Úbislavice
34512;Úboč
43141;Údlice
79068;Uhelná
58245;Uhelná Příbram
69162;Uherčice u Hustopečí
67107;Uherčice u Znojma
68601;Uherské Hradiště 1
68605;Uherské Hradiště 5
68606;Uherské Hradiště 6
53373;Uhersko
68801;Uherský Brod 1
68802;Uherský Brod 2
68734;Uherský Brod 3
68724;Uherský Ostroh
28504;Uhlířské Janovice
25218;Úhonice
53832;Úhřetice
59441;Uhřínov
66453;Újezd u Brna
33826;Újezd u Svatého Kříže
78396;Újezd u Uničova
76325;Újezd u Valašských Klobouk
50707;Úlibice
33034;Úlice
28546;Úmonín
67131;Únanov
78331;Unčovice
33038;Úněšov
27351;Unhošť
78391;Uničov 1
78381;Uničov 3
67924;Unín u Tišnova
54232;Úpice
58862;Urbanov
79804;Určice
34511;Úsilov
58254;Úsobí
67939;Úsobrno
78973;Úsov
40001;Ústí nad Labem 1
40010;Ústí nad Labem 10
40011;Ústí nad Labem 11
40331;Ústí nad Labem 16
40321;Ústí nad Labem 17
40302;Ústí nad Labem 18
40340;Ústí nad Labem 19
40002;Ústí nad Labem 2
40322;Ústí nad Labem 20
40003;Ústí nad Labem 3
40019;Ústí nad Labem 50
40006;Ústí nad Labem 6
40007;Ústí nad Labem 7
40008;Ústí nad Labem 8
56201;Ústí nad Orlicí 1
56203;Ústí nad Orlicí 3
56204;Ústí nad Orlicí 4
56206;Ústí nad Orlicí 6
41145;Úštěk
33040;Úterý
36466;Útvina
79391;Úvalno
25082;Úvaly
27745;Úžice u Kralup nad Vltavou
69606;Vacenovice
79341;Václavov u Bruntálu
73935;Václavovice u Frýdku-Místku
38486;Vacov
75627;Valašská Bystřice
75611;Valašská Polanka
76601;Valašské Klobouky
75701;Valašské Meziříčí 1
75663;Valašské Meziříčí 3
75704;Valašské Meziříčí 4
75705;Valašské Meziříčí 5
75706;Valašské Meziříčí 6
50711;Valdice
67553;Valeč u Hrotovic
36455;Valeč v Čechách
40724;Valkeřice
47105;Valteřice   *)
69142;Valtice
51754;Vamberk
67936;Vanovice
79064;Vápenná
53316;Vápno u Přelouče
40747;Varnsdorf 1
40752;Varnsdorf 3
74773;Vávrovice
53957;Včelákov
59244;Věcov
67174;Vedrovice
33027;Vejprnice
43191;Vejprty
68706;Velehrad
41131;Velemín
38232;Velešín
34183;Velhartice
55211;Velichovky
28101;Velim
50721;Veliš u Jičína
59501;Velká Bíteš
40729;Velká Bukovina u Děčína
78353;Velká Bystřice
27361;Velká Dobrá
35471;Velká Hleďsebe
39428;Velká Chyška
55224;Velká Jesenice
79058;Velká Kraš
26205;Velká Lečice
37858;Velká Lhota
59211;Velká Losenice
69674;Velká nad Veličkou
74764;Velká Polom
74291;Velké Albrechtice
69102;Velké Bílovice
40323;Velké Březno
46845;Velké Hamry
74775;Velké Heraltice
69174;Velké Hostěrádky
74731;Velké Hoštice
40334;Velké Chvojno
75606;Velké Karlovice
79052;Velké Kunětice
78815;Velké Losiny
59401;Velké Meziříčí
69163;Velké Němčice
67963;Velké Opatovice
69106;Velké Pavlovice
25169;Velké Popovice
54932;Velké Poříčí
25264;Velké Přílepy
54235;Velké Svatoňovice
29427;Velké Všelisy
58821;Velký Beranov
34151;Velký Bor
27731;Velký Borek
76307;Velký Ořechov
28151;Velký Osek
40778;Velký Šenov
55202;Velký Třebešov
78372;Velký Týnec 1
77700;Velký Týnec 2
78355;Velký Újezd
54454;Velký Vřešťov
27746;Veltrusy
27324;Velvary
67142;Vémyslice
56914;Vendolí
73994;Vendryně
56152;Verměřovice
40725;Verneřice
78376;Věrovany
36456;Verušičky
74273;Veřovice
51252;Veselá u Semil
39181;Veselí nad Lužnicí 1
39182;Veselí nad Lužnicí 2
69801;Veselí nad Moravou
75125;Veselíčko u Lipníka nad Bečvou
39842;Veselíčko u Milevska
26243;Věšín
58842;Větrný Jeníkov
74743;Větřkovice u Vítkova
38211;Větřní
66471;Veverská Bítýška
58256;Věž
58252;Věžnice u Havlíčkova Brodu
75653;Vidče
79055;Vidnava
59457;Vidonín
51241;Víchová nad Jizerou
78813;Vikýřovice
58835;Vílanec
58283;Vilémov u Golčova Jeníkova
43154;Vilémov u Kadaně
78323;Vilémov u Litovle
40780;Vilémov u Šluknova
38501;Vimperk
27307;Vinařice u Kladna
43915;Vinařice u Loun
66406;Viničné Šumice
35744;Vintířov u Sokolova
59266;Vír
67933;Vísky u Letovic
46372;Višňová u Frýdlantu
26261;Višňová u Příbramě
67138;Višňové u Znojma
56906;Vítějeves
38427;Vitějovice
54462;Vítězná-Kocléřov
28106;Vitice
74901;Vítkov 1
74747;Vítkov 3
51238;Vítkovice v Krkonoších
76312;Vizovice
67501;Vladislav
76324;Vlachovice
38422;Vlachovo Březí
69130;Vlasatice
28523;Vlastějovice
41114;Vlastislav
25801;Vlašim
79067;Vlčice u Jeseníku
54241;Vlčice u Trutnova
54444;Vlčkovice v Podkrkonoší
68761;Vlčnov
28564;Vlkaneč
69641;Vlkoš u Kyjova
75119;Vlkoš u Přerova
69661;Vnorovy
51734;Voděrady u Rychnova nad Kněžnou
39153;Vodice u Tábora
38901;Vodňany
25069;Vodochody
25754;Vojkov
36273;Vojkovice nad Ohří
27744;Vojkovice u Kralup nad Vltavou
59222;Vojnův Městec
35133;Vojtanov
38451;Volary
33822;Volduchy
38716;Volenice
47112;Volfartice
38701;Volyně
53961;Vortová
25901;Votice
56542;Vraclav
69642;Vracov
27707;Vraňany
25246;Vrané nad Vltavou
67103;Vranov nad Dyjí
67191;Vranov nad Dyjí-přehrada (otevřena od 1.7. do 31.8.)
66432;Vranov u Brna
56946;Vranová Lhota
69125;Vranovice
27373;Vraný u Slaného
67108;Vratěnín
73932;Vratimov 1
73933;Vratimov 3
26711;Vráž u Berouna
39832;Vráž u Písku
74234;Vražné
79813;Vrbátky
53956;Vrbatův Kostelec
69109;Vrbice u Břeclavě
41164;Vrbice u Roudnice nad Labem
41121;Vrbičany
43906;Vrbno nad Lesy    *)
79326;Vrbno pod Pradědem
67124;Vrbovec
33541;Vrčeň
28571;Vrdy
54301;Vrchlabí 1
54303;Vrchlabí 3
54302;Vrchlabí 4
54306;Vrchlabí 6
25753;Vrchotovy Janovice
43982;Vroutek
43115;Vrskmaň
50733;Vršce
74285;Vřesina u Bílovce
74720;Vřesina u Hlučína
35743;Vřesová u Sokolova
79809;Vřesovice
75501;Vsetín 1
75504;Vsetín 4
75505;Vsetín 5
75506;Vsetín 6
75507;Vsetín 7
75353;Všechovice
46348;Všelibice
51265;Všeň
25231;Všenory
26726;Všeradice
34507;Všeruby u Kdyně
33016;Všeruby u Plzně
50312;Všestary
27716;Všetaty
39427;Vyklantice
56134;Výprachtice
51264;Vyskeř
58841;Vyskytná nad Jihlavou
39405;Vyskytná u Pelhřimova
43183;Výsluní
34809;Vysočany
50331;Vysoká nad Labem
43159;Vysoká Pec
27724;Vysoká u Mělníka
53321;Vysoké Chvojno
56601;Vysoké Mýto
51211;Vysoké nad Jizerou
66486;Vysoké Popovice
50703;Vysoké Veselí
54912;Vysokov
26252;Vysoký Chlumec
26716;Vysoký Újezd u Berouna
68201;Vyškov 1
68203;Vyškov 3
68204;Vyškov 4
73906;Vyšní Lhoty
38273;Vyšší Brod
38433;Záblatí u Prachatic
28574;Záboří nad Labem
38734;Záboří u Blatné
41771;Zabrušany
78901;Zábřeh
34812;Zadní Chodov
26729;Zadní Třebaň
68735;Záhorovice
34547;Zahořany
39818;Záhoří u Písku
47101;Zahrádky u České Lípy
56186;Záchlumí
69105;Zaječí
53835;Zaječice
26763;Zaječov
27328;Zákolany
47123;Zákupy
26284;Zalužany
56543;Zámrsk
46825;Zásada
28144;Zásmuky
66484;Zastávka u Brna
75651;Zašová
79316;Zátor
34174;Zavlekov
27024;Zbečno
33808;Zbiroh
76832;Zborovice
66488;Zbraslav u Brna
28521;Zbraslavice
33022;Zbůch
66411;Zbýšov u Brna
28565;Zbýšov v Čechách
38441;Zbytiny
75607;Zděchov
53311;Zdechovice
25066;Zdiby
26751;Zdice
38472;Zdíkov
25764;Zdislavice
76802;Zdounky
43102;Zelená
25091;Zeleneč v Čechách
58826;Zhoř u Jihlavy
38202;Zlatá Koruna
46847;Zlatá Olešnice
79376;Zlaté Hory v Jeseníkách
68710;Zlechov
76001;Zlín 1
76311;Zlín 11
76314;Zlín 12
76003;Zlín 3
76302;Zlín 4
76005;Zlín 5
76006;Zlín 6
76007;Zlín 7
37344;Zliv
76831;Zlobice
27371;Zlonice
66901;Znojmo 1
66902;Znojmo 2
66903;Znojmo 3
66904;Znojmo 4
67181;Znojmo 5
28522;Zruč nad Sázavou 1
28551;Zruč nad Sázavou 3
33008;Zruč-Senec
75654;Zubří
28913;Zvěřínek
25705;Zvěstov
33813;Zvíkovec
59256;Zvole nad Pernštejnem
25245;Zvole u Prahy
27325;Zvoleněves
66463;Žabčice
54201;Žacléř 1
54202;Žacléř 3
69649;Žádovice
41763;Žalany
41101;Žalhostice
56401;Žamberk
47107;Žandov u České Lípy
69634;Žarošice
43801;Žatec 1
43802;Žatec 2
43803;Žatec 3
69632;Ždánice
54955;Žďár nad Metují
51723;Žďár nad Orlicí
59101;Žďár nad Sázavou 1
59102;Žďár nad Sázavou 2
59103;Žďár nad Sázavou 3
29412;Žďár u Mnichova Hradiště
59456;Žďárec
54937;Žďárky
67952;Žďárná
58263;Ždírec nad Doubravou
26753;Žebrák
28905;Žehuň
28575;Žehušice
75116;Želatovice
39174;Želeč u Tábora
66443;Želešice
67526;Želetava
69637;Želetice u Kyjova
67135;Želetice u Znojma
34004;Železná Ruda
50713;Železnice
46822;Železný Brod
39444;Želiv
74267;Ženklava
69647;Žeravice
50702;Žeretice
66701;Židlochovice
33165;Žihle
34163;Žihobce
34162;Žichovice
74742;Žimrovice
37366;Žimutice
33554;Žinkovy
39468;Žirovnice
41141;Žitenice
53342;Živanice
28129;Žiželice nad Cidlinou
28561;Žleby
50734;Žlunice
36452;Žlutice
79065;Žulová
53836;Žumberk
